"id","prioridad","trabajo","hallazgos","responsable_sugerido","dias_persona_min","dias_persona_max","dependencias","criterio_de_aceptacion","estado"
"T01","P0","Aislar entornos y proteger scripts/migraciones","OP-01","Plataforma + backend","2","4","","CI y desarrollo funcionan con credenciales y datos sintéticos; scripts rechazan producción.","Propuesto; no implementado"
"T02","P0","Restringir datos médicos y DTO de usuarios","SEG-01;SEG-11","Backend + seguridad","2","4","T01","Roles básicos no reciben salud/certificados ni material de autenticación; pruebas entre tenants.","Propuesto; no implementado"
"T03","P0","Proteger recuperación privilegiada y cambio de contraseña","SEG-02;SEG-03;SEG-08","Backend + seguridad","3","5","T01","ADMIN no recupera OWNER/superadmin; cambio forzado solo en estado limitado; reautenticación validada.","Propuesto; no implementado"
"T04","P0","Autorizar propiedad de archivos y migrar documentos privados","SEG-04;SEG-06;SEG-13","Backend + plataforma","5","9","T01","Asociar/borrar objeto ajeno se rechaza; descarga privada autoriza cada lectura; objetos previos inventariados.","Propuesto; no implementado"
"T05","P1","Unificar emisión, revocación y política de sesión/IP","SEG-05;SEG-07;SEG-08","Backend","3","6","T03","Todos los tokens tienen registro; logout revoca copias; cambio de empresa aplica IP y límite absoluto.","Propuesto; no implementado"
"T06","P1","Completar controles de integraciones, abuso y CSP","SEG-09;SEG-10;SEG-12;SEG-13;SEG-14","Backend + plataforma","5","9","T04;T05","Cuotas sobreviven entre instancias; suspensión corta integraciones; webhooks duplicados no repiten firma; subidas no autorizadas no consumen storage.","Propuesto; no implementado"
"T07","P1","Crear CI de build, PostgreSQL aislado y recorridos E2E","OP-11;UX-14","QA + backend + plataforma","5","8","T01","Checkout limpio compila/migra; escenarios económicos y de autorización fallan ante regresiones; ninguna prueba apunta a producción.","Propuesto; no implementado"
"T08","P1","Unificar estados y efectos de ventas, guías y notas de crédito","N-01;N-02;N-04;N-05;N-09","Backend ERP","6","10","T07","Borradores no mueven saldos; guía/factura usan relaciones por línea; NC respeta origen/montos; una transición produce un efecto.","Propuesto; no implementado"
"T09","P1","Corregir OC, recepción, matching y aprobación de compras","N-05;N-06;N-08;N-09;N-17","Backend ERP","6","10","T07","Validación agregada por línea; anulados no reviven; cambios invalidan aprobación; identidad emisor/tipo/folio inequívoca.","Propuesto; no implementado"
"T10","P1","Cerrar idempotencia en ventas, POS, webhooks y acciones IA","N-16;UX-02;OP-06;OP-07","Backend + frontend","5","9","T07","Respuesta perdida, reinicio o dos instancias producen un único documento/pago/plan; payload distinto con la misma clave se rechaza.","Propuesto; no implementado"
"T11","P1","Sincronizar cierre de caja con toda actividad del turno","N-07;N-09","Backend ERP","3","5","T07","Venta/movimiento/anulación concurrente queda incluido en el cierre o es rechazado antes de mutar.","Propuesto; no implementado"
"T12","P1","Separar cobros, aplicaciones de crédito y reembolsos","N-03;N-11","Backend + responsable contable","7","12","T08;T09;T10","Cobro real, aplicación NC y saldo disponible concilian; anular revierte aplicación exacta y contabiliza devolución.","Propuesto; no implementado"
"T13","P1","Alinear costo, cuentas y conciliación de efectivo","N-02;N-10;N-12;N-19","Backend + responsable contable","5","9","T08;T09;T11","Costo de documento igual a Kardex; compras mixtas separan gasto/inventario; transferencias van a banco; no se suman arqueos históricos como saldo.","Propuesto; no implementado"
"T14","P1","Integrar pagos de eventos y libros auxiliares","N-15","Backend + responsable contable","8","14","T12;T13","Cuotas, auspicios, honorarios y demás pagos conservan cada abono y aparecen una vez en el consolidado.","Propuesto; no implementado"
"T15","P1","Corregir importación y reconciliar datos históricos","N-18;N-01;N-02;N-03;N-11;N-15","Backend + QA + responsable contable","6","10","T12;T13;T14;T19","Simulación identifica afectados; reparación por compensaciones tiene rollback/reinicio; importaciones no dejan sobrepago ni hechos sin conciliación.","Propuesto; no implementado"
"T16","P1","Versionar F29 y habilitar cierre/reapertura efectiva","N-13;N-14","Backend + responsable tributario","6","10","T12;T13;T15","Meses calculados fuera de orden coinciden; parámetros por vigencia; cerrado impide retroactividad y reapertura queda auditada.","Propuesto; no implementado"
"T17","P1","Distinguir origen fiscal, documentos internos y estados SII","OP-15","Backend + frontend + responsable tributario","3","5","T08;T16","UI/exportaciones identifican origen y estado; se preserva operación interna previa con transición explícita.","Propuesto; no implementado"
"T18","P1","Completar integración fiscal con proveedor y pruebas aplicables","OP-15","Backend + responsable tributario + proveedor","15","30","T17","Firma/envío/respuesta/reintentos/folios/intercambio verificados en entorno aplicable; validación fiscal formal antes de habilitar oferta completa.","Propuesto; no implementado"
"T19","P1","Completar exportación consistente y ensayar recuperación","OP-02;OP-03;OP-04","Plataforma + backend + QA","6","10","T01;T04","Exporta relaciones de negocio previstas y snapshot consistente; restauración BD/objetos/claves ensayada con RPO/RTO medidos.","Propuesto; no implementado"
"T20","P1","Persistir automatizaciones/crons y corregir correo autorizado","OP-05;OP-08;OP-09;OP-16","Backend + plataforma","7","12","T10","Outbox recuperable; cada empresa/tarea/período tiene estado; logged no cuenta como envío; destinatario conserva permiso efectivo.","Propuesto; no implementado"
"T21","P1","Resolver selección de catálogos y totales de formulario","UX-01;UX-03","Frontend + backend","3","5","T07;T08;T09","Se seleccionan registros fuera de primera página; vista previa coincide con monto guardado para afecto/exento.","Propuesto; no implementado"
"T22","P1","Corregir contexto de mensajería y respuestas fuera de orden","UX-04;UX-05;UX-06;UX-10","Frontend","3","6","T04;T07","Chat, borrador, adjuntos y destino coinciden; primer mensaje llega; filtros corresponden a filas; error de red permite recuperar.","Propuesto; no implementado"
"T23","P2","Completar navegación, permisos visibles y accesibilidad","UX-07;UX-08;UX-09;UX-12;UX-13","Frontend + QA","5","8","T05;T07","Teclado/hover/Enter coinciden; foco no escapa a menú oculto; formulario anuncia errores; controles respetan capacidades.","Propuesto; no implementado"
"T24","P2","Recuperar borradores y carritos con aislamiento de identidad","UX-11","Frontend","3","5","T10;T07","Recarga recupera trabajo; cambio de empresa/logout no expone borradores; restaurar no emite operaciones.","Propuesto; no implementado"
"T25","P2","Medir rendimiento, limitar exportaciones y operar alertas","OP-10;OP-12","Plataforma + backend + QA","5","9","T20","Pruebas de volumen entregan memoria/latencia/conexiones; exports grandes son asíncronos; fallos críticos llegan a alertas sin datos sensibles.","Propuesto; no implementado"
"T26","P2","Sanear artefactos y documentar runtime/proveedores/escritorio","OP-13;OP-14","Plataforma + mantenedor","3","5","T01","Datos versionados clasificados; documentación permite instalación limpia; dependencias runtime correctas; escritorio tiene alcance y distribución definidos.","Propuesto; no implementado"
"T27","P1","Pilotear, reconciliar y aprobar liberación por evidencia","Todos los P0/P1 del alcance habilitado","QA + producto + responsable contable","5","8","T06;T15;T16;T19;T20;T21;T22;T25","Piloto con reconciliación diaria, incidentes atendidos, rollback ensayado y cero P0/P1 abiertos en flujos habilitados; T18 obligatorio si se ofrece DTE completo.","Propuesto; no implementado"

